name_id,name,gender,term_start,roles,parties,party_orientation,legislative_branch
HU-AderJanos,"János, Áder",M,1989,"['head', 'member']",[],[],[]
HU-AghPeter,"Péter, Ágh",M,1999,"['deputyHead', 'member', 'secretaryOfState']",['Fidesz – Magyar Polgári Szövetség'],['Right to far-right'],['Unicameralism']
HU-AlexovLyubomir,"Lyubomir, Alexov",M,2014-05-26,"['deputyHead', 'member']",[],[],[]
HU-AnderBalazs,"Balázs, Ander",M,2010,"['deputyHead', 'member']",['Jobbik Magyarországért Mozgalom'],['Centre-right'],['Unicameralism']
HU-ApatiIstvan,"István, Apáti",M,2005,"['deputyHead', 'head', 'member']","['Jobbik Magyarországért Mozgalom', 'Mi Hazánk Mozgalom']","['Centre-right', 'Far-right']",['Unicameralism']
HU-AradszkiAndras,"András, Aradszki",M,1990,"['deputyHead', 'member', 'secretary', 'secretaryOfState']",['Kereszténydemokrata Néppárt'],['Right'],['Unicameralism']
HU-AratoGergely,"Gergely, Arató",M,2011-10-22,"['deputyHead', 'member', 'secretary']",['Demokratikus Koalíció'],['Centre-left'],['Unicameralism']
HU-AszodiAttila,"Attila, Aszódi",M,2017-06-08,['secretaryOfState'],[],[],[]
HU-AzbejTristan,"Tristan, Azbej",M,2010,"['deputyHead', 'member']",['Kereszténydemokrata Néppárt'],['Right'],[]
HU-BagerGusztav,"Gusztáv, Báger",M,2015-07-06,['member'],[],[],[]
HU-BajaFerenc,"Ferenc, Baja",M,nan,[],[],[],[]
HU-BajkaiIstvan,"István, Bajkai",M,1998,"['deputyHead', 'member']",['Fidesz – Magyar Polgári Szövetség'],['Right to far-right'],['Unicameralism']
HU-BakosBernadett,"Bernadett, Bakos",F,2017,"['member', 'secretary']","['Lehet Más a Politika', 'LMP - Magyarország Zöld Pártja']","['Centre to centre-left', 'Centre to centre-left']",['Unicameralism']
HU-BalassaPeter,"Péter, Balassa",M,2009,"['deputyHead', 'member']",['Jobbik Magyarországért Mozgalom'],['Centre-right'],['Unicameralism']
HU-BalczoZoltan,"Zoltán, Balczó",M,2003-10-24,"['deputyHead', 'member']",['Jobbik Magyarországért Mozgalom'],['Centre-right'],['Unicameralism']
HU-BallaGyorgy,"György, Balla",M,2014-05-06,"['deputyHead', 'member']",['Fidesz – Magyar Polgári Szövetség'],['Right to far-right'],['Unicameralism']
HU-BallaMihaly,"Mihály Tibor, Balla",M,2014-05-06,"['deputyHead', 'head', 'member']",['Fidesz – Magyar Polgári Szövetség'],['Right to far-right'],['Unicameralism']
HU-BalogAdam,"Ádám, Balog",M,2013-03-06,"['deputyHead', 'member']",[],[],[]
HU-BalogZoltan,"Zoltán, Balog",M,2014-05-06,"['head', 'member', 'minister']",['Fidesz – Magyar Polgári Szövetség'],['Right to far-right'],['Unicameralism']
HU-BanaiPeterBeno,"Péter Benő, Banai",M,2014-06-15,['secretaryOfState'],[],[],[]
HU-BanaTibor,"Tibor, Bana",M,2007,"['deputyHead', 'member']",['Jobbik Magyarországért Mozgalom'],['Centre-right'],['Unicameralism']
HU-BandiGyula,"Gyula, Bándi",M,2017-02-21,['ombudsman'],[],[],['Unicameralism']
HU-BangoneBorbelyIldiko,"Ildikó, Bangóné Borbély",F,2014-05-06,"['deputyHead', 'member']",['Magyar Szocialista Párt'],['Centre-left'],['Unicameralism']
HU-BankiErik,"Erik, Bánki",M,1998-06-18,"['deputyHead', 'head', 'member']",['Fidesz – Magyar Polgári Szövetség'],['Right to far-right'],['Unicameralism']
HU-BanyaiGabor,"Gábor, Bányai",M,2006-05-16,"['deputyHead', 'member']",['Fidesz – Magyar Polgári Szövetség'],['Right to far-right'],['Unicameralism']
HU-BaracskaiJozsef,"József, Baracskai",M,nan,['member'],['Magyar Szocialista Párt'],['Centre-left'],[]
HU-BarandyGergely,"Gergely, Bárándy",M,2003,"['deputyHead', 'member']",['Magyar Szocialista Párt'],['Centre-left'],['Unicameralism']
HU-BarczaAttila,"Attila, Barcza",M,2018-05-08,"['deputyHead', 'member', 'secretary']",['Fidesz – Magyar Polgári Szövetség'],['Right to far-right'],['Unicameralism']
HU-BarkocziBalazs,"Balázs, Barkóczi",M,2019,"['deputyHead', 'member']",['Demokratikus Koalíció'],['Centre-left'],['Unicameralism']
HU-BartokiGonczyBalazs,"Balázs, Bartóki-Gönczy",M,2021-12-14,['member'],[],[],[]
HU-BartosMonika,"Mónika, Bartos",F,2010-05-14,"['deputyHead', 'member']",['Fidesz – Magyar Polgári Szövetség'],['Right to far-right'],['Unicameralism']
HU-BecsoKaroly,"Károly, Becsó",M,2002,['member'],['Fidesz – Magyar Polgári Szövetség'],['Right to far-right'],['Unicameralism']
HU-BecsoZsolt,"Zsolt, Becsó",M,1998-06-18,"['deputyHead', 'member']",['Fidesz – Magyar Polgári Szövetség'],['Right to far-right'],['Unicameralism']
HU-BedoDavid,"Dávid, Bedő",M,2017-03-04,"['deputyHead', 'member']",['Momentum Mozgalom'],['Centre'],['Unicameralism']
HU-BelovicsErvin,"Ervin, Belovics",M,2000-06-05,"['deputyHead', 'member']",[],[],[]
HU-BencsikJanos,"János, Bencsik",M,2006-05-16,"['deputyHead', 'member']",['Fidesz – Magyar Polgári Szövetség'],['Right to far-right'],['Unicameralism']
HU-BenczeJanos,"János, Bencze",M,2008,['member'],['Jobbik Magyarországért Mozgalom'],['Centre-right'],['Unicameralism']
HU-BeneIldiko,"Ildikó, Bene",F,2000,['member'],['Fidesz – Magyar Polgári Szövetség'],['Right to far-right'],['Unicameralism']
HU-BenkoTibor,"Tibor, Benkő",M,2018-05-18,"['head', 'member', 'minister']",[],[],[]
HU-BerkeBarna,"Barna, Berke",M,2014-06-16,['secretaryOfState'],[],[],[]
HU-BerkiSandor,"Sándor, Berki",M,2017,"['member', 'secretary']",['Párbeszéd Magyarországért'],['Centre-left to left'],['Unicameralism']
HU-BitayMartonOrs,"Márton Örs, Bitay",M,2014-06-15,['secretaryOfState'],[],[],[]
HU-BNagyLaszlo,"László, B. Nagy",M,2014-05-06,['member'],['Fidesz – Magyar Polgári Szövetség'],['Right to far-right'],['Unicameralism']
HU-BodisJozsef,"József, Bódis",M,2018-07-01,['secretaryOfState'],[],[],[]
HU-BodoSandor,"Sándor, Bodó",M,2011-10-24,"['deputyHead', 'member', 'secretary', 'secretaryOfState']",['Fidesz – Magyar Polgári Szövetség'],['Right to far-right'],['Unicameralism']
HU-BokaJanos,"János, Bóka",M,2018-09-01,['secretaryOfState'],[],[],[]
HU-BoldogIstvan,"István, Boldog",M,2010-05-14,"['deputyHead', 'member']",['Fidesz – Magyar Polgári Szövetség'],['Right to far-right'],['Unicameralism']
HU-BoldvaiLaszlo,"László, Boldvai",M,nan,[],[],[],[]
HU-BonaZoltan,"Zoltán, Bóna",M,2014-05-06,"['deputyHead', 'member']",['Fidesz – Magyar Polgári Szövetség'],['Right to far-right'],['Unicameralism']
HU-BoroczLaszlo,"László, Böröcz",M,2018-05-08,"['deputyHead', 'member']",['Fidesz – Magyar Polgári Szövetség'],['Right to far-right'],['Unicameralism']
HU-BorosAnita,"Anita, Boros",F,2019-09-01,['secretaryOfState'],[],[],[]
HU-BoszAnett,"Anett, Bősz",F,2013-04-27,"['deputyHead', 'head', 'member', 'secretary']",['Magyar Liberális Párt'],['Centre to centre-right'],['Unicameralism']
HU-BotkaLaszlo,"László, Botka",M,1991,['member'],['Magyar Szocialista Párt'],['Centre-left'],[]
HU-BrennerKoloman,"Koloman, Brenner",M,2015,"['deputyHead', 'member']",['Jobbik Magyarországért Mozgalom'],['Centre-right'],['Unicameralism']
HU-BudaiGyula,"Gyula, Budai",M,1998,"['deputyHead', 'member']",['Fidesz – Magyar Polgári Szövetség'],['Right to far-right'],['Unicameralism']
HU-BuranySandor,"Sándor, Burány",M,1994-06-28,"['deputyHead', 'head', 'member']",['Magyar Szocialista Párt'],['Centre-left'],['Unicameralism']
HU-CsanyiTamas,"Tamás, Csányi",M,2019-02-18,"['deputyHead', 'member']",['Jobbik Magyarországért Mozgalom'],['Centre-right'],['Unicameralism']
HU-CsardiAntal,"Antal, Csárdi",M,2009-02-14,"['deputyHead', 'member']","['Lehet Más a Politika', 'LMP - Magyarország Zöld Pártja']","['Centre to centre-left', 'Centre to centre-left']",['Unicameralism']
HU-CsehKatalin,"Katalin, Cseh",F,2017-03-04,['member'],['Momentum Mozgalom'],['Centre'],[]
HU-CsengerZalanZsolt,"Zsolt, Csenger-Zalán",M,2014-05-06,"['deputyHead', 'member']",['Fidesz – Magyar Polgári Szövetség'],['Right to far-right'],['Unicameralism']
HU-CsepreghyNandor,"Nándor, Csepreghy",M,2003,"['member', 'secretaryOfState']",['Fidesz – Magyar Polgári Szövetség'],['Right to far-right'],[]
HU-CseresnyesPeter,"Péter, Cseresnyés",M,1998,"['deputyHead', 'member', 'secretaryOfState']",['Fidesz – Magyar Polgári Szövetség'],['Right to far-right'],['Unicameralism']
HU-CsiziPeter,"Péter, Csizi",M,1998,"['member', 'secretary']",['Fidesz – Magyar Polgári Szövetség'],['Right to far-right'],['Unicameralism']
HU-CsoborKatalin,"Katalin, Csöbör",F,2005,['member'],['Fidesz – Magyar Polgári Szövetség'],['Right to far-right'],['Unicameralism']
HU-CsucsLaszlone,"Lászlóné, Csúcs",F,2014-05-26,['member'],[],[],[]
HU-CzervanGyorgy,"György, Czerván",M,1998-06-18,"['deputyHead', 'member', 'secretaryOfState']",['Fidesz – Magyar Polgári Szövetség'],['Right to far-right'],['Unicameralism']
HU-CzibereKaroly,"Károly, Czibere",M,2014-06-07,['secretaryOfState'],[],[],[]
HU-CzineAgnes,"Ágnes, Czine",F,2014-11-15,['member'],[],[],[]
HU-CzombaSandor,"Sándor, Czomba",M,2014-05-06,"['member', 'secretaryOfState']",['Fidesz – Magyar Polgári Szövetség'],['Right to far-right'],['Unicameralism']
HU-CzunyineDrBertalanJudit,"Judit, Czunyiné Bertalan",F,2010-05-14,"['deputyHead', 'member', 'secretaryOfState']",['Fidesz – Magyar Polgári Szövetség'],['Right to far-right'],['Unicameralism']
HU-DankoBela,"Béla, Dankó",M,1998,"['deputyHead', 'member']",['Fidesz – Magyar Polgári Szövetség'],['Right to far-right'],['Unicameralism']
HU-DarakPeter,"Péter, Darák",M,2012-01-01,"['head', 'member']",[],[],[]
HU-DavidFerenc,"Ferenc, Dávid",M,2022-05-02,"['deputyHead', 'member']",[],[],['Unicameralism']
HU-DemeterAndras,"András, Demeter",M,nan,['member'],['Fidesz – Magyar Polgári Szövetség'],['Right to far-right'],[]
HU-DemeterMarta,"Márta, Demeter",F,2007,"['deputyHead', 'head', 'member', 'secretary']","['Lehet Más a Politika', 'LMP - Magyarország Zöld Pártja', 'Magyar Szocialista Párt']","['Centre to centre-left', 'Centre to centre-left', 'Centre-left']",['Unicameralism']
HU-DemeterZoltan,"Zoltán, Demeter",M,1998,"['deputyHead', 'member']",['Fidesz – Magyar Polgári Szövetség'],['Right to far-right'],['Unicameralism']
HU-DeutschTamas,"Tamás, Deutsch",M,2009,['member'],[],[],[]
HU-DobrevKlara,"Klára, Dobrev",F,2019-07-02,"['deputyHead', 'member']",[],[],[]
HU-DocsDavid,"Dávid, Dócs",M,2018-06-23,"['deputyHead', 'member', 'secretary']",['Mi Hazánk Mozgalom'],['Far-right'],['Unicameralism']
HU-DomokosLaszlo,"László, Domokos",M,1998,"['head', 'member']",['Fidesz – Magyar Polgári Szövetség'],['Right to far-right'],[]
HU-DomotorCsaba,"Csaba, Dömötör",M,2014-06-06,"['member', 'secretaryOfState']",['Fidesz – Magyar Polgári Szövetség'],['Right to far-right'],['Unicameralism']
HU-DonathAnnaJulia,"Anna Júlia, Donáth",F,2019-07-02,['member'],[],[],[]
HU-SzalayneDrSandorErzsebet,"Erzsébet, Dr. Szalayné Sándor",M,2013-10-21,['ombudsman'],[],[],['Unicameralism']
HU-DudasRobert,"Róbert, Dudás",M,2009,"['deputyHead', 'member']",['Jobbik Magyarországért Mozgalom'],['Centre-right'],['Unicameralism']
HU-DunaiMonika,"Mónika, Dunai",F,1990,"['deputyHead', 'member']",['Fidesz – Magyar Polgári Szövetség'],['Right to far-right'],['Unicameralism']
HU-DuroDora,"Dóra, Dúró",F,2005,"['deputyHead', 'head', 'member', 'secretary']","['Jobbik Magyarországért Mozgalom', 'Mi Hazánk Mozgalom']","['Centre-right', 'Far-right']",['Unicameralism']
HU-EgyedZsolt,"Zsolt, Egyed",M,2010,['member'],['Jobbik Magyarországért Mozgalom'],['Centre-right'],['Unicameralism']
HU-ErdosNorbert,"Norbert, Erdős",M,1993,"['member', 'secretaryOfState']",['Fidesz – Magyar Polgári Szövetség'],['Right to far-right'],[]
HU-ErosGabor,"Gábor, Erős",M,nan,['member'],['Fidesz – Magyar Polgári Szövetség'],['Right to far-right'],[]
HU-FarkasFelix,"Félix, Farkas",M,2014-06-06,['member'],[],[],[]
HU-FarkasGergely,"Gergely, Farkas",M,2003-10-24,"['deputyHead', 'member', 'secretary']",['Jobbik Magyarországért Mozgalom'],['Centre-right'],['Unicameralism']
HU-FarkasSandor,"Sándor, Farkas",M,1993,"['deputyHead', 'member', 'secretaryOfState']",['Fidesz – Magyar Polgári Szövetség'],['Right to far-right'],['Unicameralism']
HU-FazekasSandor,"Sándor, Fazekas",M,2014-05-06,"['head', 'member', 'minister']",['Fidesz – Magyar Polgári Szövetség'],['Right to far-right'],['Unicameralism']
HU-FeketeGyorAndras,"András, Fekete-Győr",M,2017-03-04,"['head', 'member']",['Momentum Mozgalom'],['Centre'],['Unicameralism']
HU-FeketePeter,"Péter, Fekete",M,2018-05-18,['secretaryOfState'],[],[],[]
HU-FenyvesiZoltan,"Zoltán, Fenyvesi",M,1997,"['deputyHead', 'member']","['Fidesz – Magyar Polgári Szövetség', 'Kereszténydemokrata Néppárt']","['Right to far-right', 'Right']",['Unicameralism']
HU-FerenczOrsolya,"Orsolya, Ferencz",F,nan,['member'],['Fidesz – Magyar Polgári Szövetség'],['Right to far-right'],[]
HU-FicsorAdam,"Ádám, Ficsor",M,2003,['member'],"['Demokratikus Koalíció', 'Magyar Szocialista Párt']","['Centre-left', 'Centre-left']",[]
HU-FoldesiGyula,"Gyula, Foldesi",M,2022-05-02,['member'],[],[],[]
HU-FirtlMatyas,"Mátyás, Firtl",M,1989,"['deputyHead', 'member']","['Fidesz – Magyar Polgári Szövetség', 'Kereszténydemokrata Néppárt']","['Right to far-right', 'Right']",['Unicameralism']
HU-FKovacsSandor,"Sándor, F. Kovács",M,2000,"['deputyHead', 'member']",['Fidesz – Magyar Polgári Szövetség'],['Right to far-right'],['Unicameralism']
HU-FodorGabor,"Gábor, Fodor",M,2013-04-27,"['head', 'member']",['Magyar Liberális Párt'],['Centre to centre-right'],['Unicameralism']
HU-FoldiLaszlo,"László, Földi",M,2010,"['member', 'secretary']",['Kereszténydemokrata Néppárt'],['Right'],['Unicameralism']
HU-FonagyJanos,"János, Fónagy",M,2014-05-06,"['member', 'secretaryOfState']",['Fidesz – Magyar Polgári Szövetség'],['Right to far-right'],['Unicameralism']
HU-FontSandor,"Sándor, Font",M,2014,"['deputyHead', 'head', 'member']",['Fidesz – Magyar Polgári Szövetség'],['Right to far-right'],['Unicameralism']
HU-FulopAttila,"Attila, Fülöp",M,2015-05-01,['secretaryOfState'],[],[],[]
HU-FulopErik,"Erik, Fülöp",M,2010,"['deputyHead', 'member']","['Jobbik Magyarországért Mozgalom', 'Mi Hazánk Mozgalom']","['Centre-right', 'Far-right']",['Unicameralism']
HU-FurjesBalazs,"Balázs, Fürjes",M,1988-03-30,"['member', 'secretaryOfState']",['Fidesz – Magyar Polgári Szövetség'],['Right to far-right'],[]
HU-FuzikJanos,"János, Fuzik",M,2014-06-06,"['head', 'member']",[],[],[]
HU-GaalGergely,"Gergely, Gaal",M,2004,['member'],"['Fidesz – Magyar Polgári Szövetség', 'Kereszténydemokrata Néppárt']","['Right to far-right', 'Right']",['Unicameralism']
HU-GalambosDenes,"Dénes, Galambos",M,2014-05-06,['member'],['Fidesz – Magyar Polgári Szövetség'],['Right to far-right'],['Unicameralism']
HU-GalKinga,"Kinga, Gál",F,2004,"['deputyHead', 'member']",['Fidesz – Magyar Polgári Szövetség'],['Right to far-right'],[]
HU-GaraiIstvanLevente,"István Levente, Garai",M,nan,['member'],['Magyar Szocialista Párt'],['Centre-left'],[]
HU-GelencserAttila,"Attila, Gelencsér",M,2010,"['deputyHead', 'member', 'secretary']",['Fidesz – Magyar Polgári Szövetség'],['Right to far-right'],['Unicameralism']
HU-GelencserFerenc,"Ferenc, Gelencsér",M,2017-03-04,"['head', 'member']",['Momentum Mozgalom'],['Centre'],['Unicameralism']
HU-GionGabor,"Gábor, Gion",M,2018-11-13,['secretaryOfState'],[],[],[]
HU-GiriczVera,"Vera, Giricz",F,2014-06-06,['member'],[],[],[]
HU-GlattfelderBela,"Béla, Glattfelder",M,2014-06-06,['secretaryOfState'],[],[],[]
HU-GogosZoltan,"Zoltán, Gőgös",M,1989-11-21,"['deputyHead', 'member']",['Magyar Szocialista Párt'],['Centre-left'],['Unicameralism']
HU-GondorIstvan,"István, Göndör",M,1989-11-21,['member'],['Magyar Szocialista Párt'],['Centre-left'],[]
HU-GottfriedPeter,"Péter, Gottfried",M,2020-11-30,['member'],[],[],[]
HU-GreczyZsolt,"Zsolt, Gréczy",M,2018,['member'],['Demokratikus Koalíció'],['Centre-left'],['Unicameralism']
HU-GrexaLiliana,"Liliána, Grexa",F,2022-05-02,['member'],[],[],[]
HU-GulyasGergely,"Gergely, Gulyás",M,2005,"['deputyHead', 'head', 'member', 'minister']",['Fidesz – Magyar Polgári Szövetség'],['Right to far-right'],['Unicameralism']
HU-GurmaiZita,"Zita, Gurmai",F,1993,"['deputyHead', 'member']",['Magyar Szocialista Párt'],['Centre-left'],['Unicameralism']
HU-GurNandor,"Nándor, Gúr",M,1999,"['deputyHead', 'member', 'secretary']",['Magyar Szocialista Párt'],['Centre-left'],['Unicameralism']
HU-GyNemethErzsebet,"Erzsébet, Gy. Németh",F,2011-10-22,"['deputyHead', 'member']",['Demokratikus Koalíció'],['Centre-left'],['Unicameralism']
HU-GyongyosiMarton,"Márton, Gyöngyösi",M,2006,"['deputyHead', 'head', 'member']",['Jobbik Magyarországért Mozgalom'],['Centre-right'],['Unicameralism']
HU-GyoparosAlpar,"Alpár, Gyopáros",M,2009,['member'],['Fidesz – Magyar Polgári Szövetség'],['Right to far-right'],['Unicameralism']
HU-GyorffyBalazs,"Balázs, Győrffy",M,2010,"['deputyHead', 'head', 'member']",['Fidesz – Magyar Polgári Szövetség'],['Right to far-right'],['Unicameralism']
HU-GyorgyIstvan,"István, György",M,2020-01-03,['secretaryOfState'],[],[],[]
HU-GyorgyLaszlo,"László, György",M,2018-05-18,['secretaryOfState'],[],[],[]
HU-GyoriEniko,"Enikő, Győri",F,2019-07-02,['member'],[],[],[]
HU-GyurcsanyFerenc,"Ferenc, Gyurcsány",M,2007,"['head', 'member']","['Demokratikus Koalíció', 'Magyar Szocialista Párt']","['Centre-left', 'Centre-left']",['Unicameralism']
HU-GyureCsaba,"Csaba, Gyüre",M,2004,"['deputyHead', 'member', 'secretary']",['Jobbik Magyarországért Mozgalom'],['Centre-right'],['Unicameralism']
HU-HadhazyAkos,"Ákos Ányos, Hadházy",M,2014,"['deputyHead', 'head', 'member']",['Lehet Más a Politika'],['Centre to centre-left'],['Unicameralism']
HU-HadhazySandor,"Sándor, Hadházy",M,1998,"['deputyHead', 'member']",['Fidesz – Magyar Polgári Szövetség'],['Right to far-right'],['Unicameralism']
HU-HajasBarnabas,"Barnabás, Hajas",M,2020-05-01,['secretaryOfState'],[],[],[]
HU-HajduLaszlo,"László, Hajdu",M,1989-11-21,['member'],['Magyar Szocialista Párt'],['Centre-left'],['Unicameralism']
HU-HajnalMiklos,"Miklós, Hajnal",M,2017-03-04,['member'],['Momentum Mozgalom'],['Centre'],['Unicameralism']
HU-HalaszJanos,"János, Halász",M,1998,"['deputyHead', 'member']",['Fidesz – Magyar Polgári Szövetség'],['Right to far-right'],['Unicameralism']
HU-HandoTunde,"Tünde, Handó",F,2011-12-13,"['head', 'member']",[],[],[]
HU-HarangozoGabor,"Gábor István, Harangozó",M,2000,"['deputyHead', 'member']",['Magyar Szocialista Párt'],['Centre-left'],['Unicameralism']
HU-HarangozoTamas,"Tamás Attila, Harangozó",M,2010,"['deputyHead', 'member']",['Magyar Szocialista Párt'],['Centre-left'],['Unicameralism']
HU-HargitaiJanos,"János, Hargitai",M,1994,"['deputyHead', 'head', 'member']",['Kereszténydemokrata Néppárt'],['Right'],['Unicameralism']
HU-HarrachPeter,"Péter, Harrach",M,1989,"['deputyHead', 'head', 'member']",['Kereszténydemokrata Néppárt'],['Right'],['Unicameralism']
HU-HartyanyiJaroszlava,"Jaroszlava, Hartyányi",F,2014-06-06,['member'],[],[],[]
HU-HegedusAndrea,"Andrea, Hegedűs",F,2019,"['deputyHead', 'member']",['Demokratikus Koalíció'],['Centre-left'],['Unicameralism']
HU-HegedusLorantne,"Lorántné, Hegedűs",F,2010,"['deputyHead', 'member', 'secretary']",['Jobbik Magyarországért Mozgalom'],['Centre-right'],['Unicameralism']
HU-HegmanneNemesSara,"Sára, Hegmanné Nemes",F,2014-06-06,['secretaryOfState'],[],[],[]
HU-HejjDavid,"Dávid Ádám, Héjj",M,2018,['member'],['Fidesz – Magyar Polgári Szövetség'],['Right to far-right'],['Unicameralism']
HU-HendeCsaba,"Csaba, Hende",M,2004,"['deputyHead', 'head', 'member', 'minister']",['Fidesz – Magyar Polgári Szövetség'],['Right to far-right'],['Unicameralism']
HU-HeppMihaly,"Mihály, Hepp",M,2014-06-06,['member'],[],[],[]
HU-HerczegTamas,"Tamás, Herczeg",M,2018,"['deputyHead', 'member']",['Fidesz – Magyar Polgári Szövetség'],['Right to far-right'],['Unicameralism']
HU-HerczegZsolt,"Zsolt, Herczeg",M,2010,['member'],['Fidesz – Magyar Polgári Szövetség'],['Right to far-right'],['Unicameralism']
HU-HeringesAnita,"Anita, Heringes",F,2003,"['member', 'secretary']",['Magyar Szocialista Párt'],['Centre-left'],['Unicameralism']
HU-HidveghiBalazs,"Balázs, Hidvéghi",M,2019-07-02,['member'],[],[],[]
HU-HillerIstvan,"István, Hiller",M,1989-11-21,"['deputyHead', 'member']",['Magyar Szocialista Párt'],['Centre-left'],['Unicameralism']
HU-HirtFerenc,"Ferenc, Hirt",M,2006,['member'],['Fidesz – Magyar Polgári Szövetség'],['Right to far-right'],['Unicameralism']
HU-HiszekenyDezso,"Dezső, Hiszékeny",M,2014,"['member', 'secretary']",['Magyar Szocialista Párt'],['Centre-left'],['Unicameralism']
HU-HoffmannRozsa,"Rózsa, Hoffmann",F,2003,"['deputyHead', 'member']",['Fidesz – Magyar Polgári Szövetség'],['Right to far-right'],['Unicameralism']
HU-HohnKrisztina,"Krisztina, Hohn",F,2016-04-20,"['deputyHead', 'head', 'member']",['Új Kezdet'],['Centre to centre-right'],['Unicameralism']
HU-HollikIstvan,"István, Hollik",M,2004,['member'],"['Fidesz – Magyar Polgári Szövetség', 'Kereszténydemokrata Néppárt']","['Right to far-right', 'Right']",['Unicameralism']
HU-HolmanMagdolnaJulianna,"Magdolna Julianna, Holman",F,2020-07-20,"['deputyHead', 'member']",[],[],[]
HU-HolvenyiGyorgy,"György, Hölvényi",M,1989,"['deputyHead', 'member']",['Kereszténydemokrata Néppárt'],['Right'],[]
HU-HomolyaRobert,"Róbert, Homolya",M,2017-02-08,['secretaryOfState'],[],[],[]
HU-HoppalPeter,"Péter, Hoppál",M,2004,"['deputyHead', 'member', 'secretaryOfState']",['Fidesz – Magyar Polgári Szövetség'],['Right to far-right'],['Unicameralism']
HU-HorcsikRichard,"Richárd, Hörcsik",M,1998,"['deputyHead', 'head', 'member']",['Fidesz – Magyar Polgári Szövetség'],['Right to far-right'],['Unicameralism']
HU-HornungAgnesAnna,"Ágnes Anna, Hornung",F,2015-10-09,['secretaryOfState'],[],[],[]
HU-HorvathAndrasTibor,"András Tibor, Horváth",M,1990,['member'],['Magyar Szocialista Párt'],['Centre-left'],[]
HU-HorvathCsaba,"Csaba, Horváth",M,1999,['member'],['Magyar Szocialista Párt'],['Centre-left'],[]
HU-HorvathIldiko,"Ildikó, Horváth",F,2018-10-16,['secretaryOfState'],[],[],[]
HU-HorvathImre,"Imre, Horváth",M,2006,['member'],['Magyar Szocialista Párt'],['Centre-left'],['Unicameralism']
HU-HorvathIstvan,"István, Horváth",M,2006,"['deputyHead', 'member', 'secretaryOfState']",['Fidesz – Magyar Polgári Szövetség'],['Right to far-right'],['Unicameralism']
HU-HorvathLaszlo,"László, Horváth",M,1990,"['deputyHead', 'member']",['Fidesz – Magyar Polgári Szövetség'],['Right to far-right'],['Unicameralism']
HU-HubayGyorgy,"György, Hubay",M,2018,"['deputyHead', 'member']",['Fidesz – Magyar Polgári Szövetség'],['Right to far-right'],['Unicameralism']
HU-IjgyartoIstvan,"István, Íjgyártó",M,2014-07-01,['secretaryOfState'],[],[],[]
HU-IkotityIstvan,"István, Ikotity",M,2009-02-14,"['deputyHead', 'member', 'secretary']",['Lehet Más a Politika'],['Centre to centre-left'],['Unicameralism']
HU-IllesBoglarka,"Boglárka, Illés",F,2019,"['member', 'secretary']",['Fidesz – Magyar Polgári Szövetség'],['Right to far-right'],['Unicameralism']
HU-IpkovichGyorgy,"György, Ipkovich",M,1989-11-21,['member'],['Magyar Szocialista Párt'],['Centre-left'],[]
HU-IvancsikImre,"Imre, Iváncsik",M,1989-11-21,['member'],['Magyar Szocialista Párt'],['Centre-left'],[]
HU-IzerNorbert,"Norbert, Izer",M,2018-05-22,['secretaryOfState'],[],[],[]
HU-JakabIstvan,"István, Jakab",M,2010,"['deputyHead', 'member']",['Fidesz – Magyar Polgári Szövetség'],['Right to far-right'],['Unicameralism']
HU-JakabPeter,"Péter, Jakab",M,2009,"['deputyHead', 'head', 'member']",['Jobbik Magyarországért Mozgalom'],['Centre-right'],['Unicameralism']
HU-JamborAndrasImre,"András Imre, Jámbor",M,2022-05-02,"['deputyHead', 'member']",[],[],['Unicameralism']
HU-JavorBenedek,"Benedek, Jávor",M,2013-02-17,"['head', 'member']",['Párbeszéd Magyarországért'],['Centre-left to left'],[]
HU-JozsaIstvan,"István, Józsa",M,1989-11-21,"['deputyHead', 'member']",['Magyar Szocialista Párt'],['Centre-left'],['Unicameralism']
HU-JuhaszFerenc,"Ferenc, Juhász",M,1991,['member'],['Magyar Szocialista Párt'],['Centre-left'],[]
HU-JuhaszHajnalka,"Hajnalka, Juhász",F,2009,"['deputyHead', 'member']",['Kereszténydemokrata Néppárt'],['Right'],['Unicameralism']
HU-JuhaszMiklos,"Miklós, Juhász",M,2010,"['head', 'member']",[],[],[]
HU-KaderjakPeter,"Péter, Kaderják",M,2018-05-22,['secretaryOfState'],[],[],[]
HU-KallaiMaria,"Mária, Kállai",F,2018-05-08,"['deputyHead', 'member']",['Fidesz – Magyar Polgári Szövetség'],['Right to far-right'],['Unicameralism']
HU-KaliSandor,"Sándor, Káli",M,1990,['member'],['Magyar Szocialista Párt'],['Centre-left'],[]
HU-KalloGergely,"Gergely, Kálló",M,2008,['member'],['Jobbik Magyarországért Mozgalom'],['Centre-right'],['Unicameralism']
HU-KalmanOlga,"Olga, Kálmán",F,2019-11-10,"['deputyHead', 'member']",['Demokratikus Koalíció'],['Centre-left'],['Unicameralism']
HU-KanaszNagyMate,"Máté, Kanász-Nagy",M,2010,"['deputyHead', 'head', 'member']","['Lehet Más a Politika', 'LMP - Magyarország Zöld Pártja']","['Centre to centre-left', 'Centre to centre-left']",['Unicameralism']
HU-KaraAkos,"Ákos, Kara",M,2010,"['deputyHead', 'member', 'secretaryOfState']",['Fidesz – Magyar Polgári Szövetség'],['Right to far-right'],['Unicameralism']
HU-KarasMonikaZsuzsanna,"Monika Zsuzsanna, Karas",F,2013-08-19,"['deputyHead', 'head', 'member']",[],[],[]
HU-KardkovacsKolos,"Kolos, Kardkovács",M,2016-09-13,['member'],[],[],[]
HU-KaslerMiklos,"Miklós, Kásler",M,2018-05-18,"['head', 'member', 'minister']",[],[],[]
HU-KecsmarKrisztian,"Krisztián, Kecsmár",M,2016-10-01,['secretaryOfState'],[],[],[]
HU-KepliLajos,"Lajos, Kepli",M,2010,['member'],['Jobbik Magyarországért Mozgalom'],['Centre-right'],['Unicameralism']
HU-KerenyiJanos,"János, Kerényi",M,1998,['member'],['Fidesz – Magyar Polgári Szövetség'],['Right to far-right'],['Unicameralism']
HU-KeresztesLaszloLorant,"László Lóránt, Keresztes",M,2018-05-08,"['head', 'member']","['Lehet Más a Politika', 'LMP - Magyarország Zöld Pártja']","['Centre to centre-left', 'Centre to centre-left']",['Unicameralism']
HU-KeszZoltan,"Zoltán, Kész",M,2004,['member'],['Fidesz – Magyar Polgári Szövetség'],['Right to far-right'],['Unicameralism']
HU-KisMiklosZsolt,"Miklós Zsolt, Kis",M,2014-06-06,['secretaryOfState'],[],[],[]
HU-KissJanos,"Janos, Kiss",M,nan,['member'],['Fidesz – Magyar Polgári Szövetség'],['Right to far-right'],[]
HU-KissLaszlo,"László, Kiss",M,1996,['member'],"['Demokratikus Koalíció', 'Magyar Szocialista Párt']","['Centre-left', 'Centre-left']",['Unicameralism']
HU-KissneKolesErika,"Erika, Kissné Köles",F,2014-05-26,"['deputyHead', 'member']",[],[],[]
HU-KissPeter,"Péter, Kiss",M,1989-11-21,['member'],['Magyar Szocialista Párt'],['Centre-left'],[]
HU-KocsisCakeOlivio,"Olivio, Kocsis-Cake",M,2013-02-17,"['deputyHead', 'member']",['Párbeszéd Magyarországért'],['Centre-left to left'],['Unicameralism']
HU-KocsisMate,"Máté, Kocsis",M,2006,"['head', 'member']",['Fidesz – Magyar Polgári Szövetség'],['Right to far-right'],['Unicameralism']
HU-KolberIstvan,"István, Kolber",M,1989-11-21,['member'],"['Demokratikus Koalíció', 'Magyar Szocialista Párt']","['Centre-left', 'Centre-left']",[]
HU-KoltayAndras,"András, Koltay",M,2021-12-03,"['head', 'member']",[],[],[]
HU-KomaromiZoltan,"Zoltán, Komáromi",M,2019,"['deputyHead', 'member']","['Demokratikus Koalíció', 'Együtt – a Korszakváltók Pártja']","['Centre-left', 'Centre']",['Unicameralism']
HU-KomjathiImre,"Imre, Komjáthi",M,2014,"['deputyHead', 'member']",['Magyar Szocialista Párt'],['Centre-left'],['Unicameralism']
HU-KonczFerenc,"Ferenc, Koncz",M,2006,['member'],['Fidesz – Magyar Polgári Szövetség'],['Right to far-right'],['Unicameralism']
HU-KonczZsofia,"Zsófia, Koncz",F,2005,"['member', 'secretary', 'secretaryOfState']",['Fidesz – Magyar Polgári Szövetség'],['Right to far-right'],['Unicameralism']
HU-KontratKaroly,"Károly, Kontrát",M,2002,"['deputyHead', 'member', 'secretaryOfState']",['Fidesz – Magyar Polgári Szövetség'],['Right to far-right'],['Unicameralism']
HU-KonyaPeter,"Péter, Kónya",M,2013-03-08,['member'],['Együtt – a Korszakváltók Pártja'],['Centre'],['Unicameralism']
HU-KopecziBoczTamas,"Tamás, Köpeczi-Bócz",M,2015-06-17,['secretaryOfState'],[],[],[]
HU-KoraniszLaokratisz,"Laokratisz, Koranisz",M,2014-05-26,['member'],[],[],[]
HU-KordasLaszlo,"László, Kordás",M,2021-09-19,"['deputyHead', 'member']",['Demokratikus Koalíció'],['Centre-left'],['Unicameralism']
HU-KorozsLajos,"Lajos, Korózs",M,1989-11-21,"['deputyHead', 'head', 'member']",['Magyar Szocialista Párt'],['Centre-left'],['Unicameralism']
HU-KosaAdam,"Ádám, Kósa",M,2009,['member'],[],[],[]
HU-KosaLajos,"Lajos, Kósa",M,2013,"['deputyHead', 'head', 'member', 'minister']",['Fidesz – Magyar Polgári Szövetség'],['Right to far-right'],['Unicameralism']
HU-KovacsArpad,"Árpád, Kovács",M,nan,[],[],[],[]
HU-KovacsJozsef,"József, Kovács",M,2010,"['deputyHead', 'member']",['Fidesz – Magyar Polgári Szövetség'],['Right to far-right'],['Unicameralism']
HU-KovacsLaszlo,"László, Kovács",M,1989-11-21,['member'],['Magyar Szocialista Párt'],['Centre-left'],[]
HU-KovacsPal,"Pál, Kovács",M,2019-02-01,['secretaryOfState'],[],[],[]
HU-KovacsSandor,"Sándor, Kovács",M,2000,"['deputyHead', 'member']",['Fidesz – Magyar Polgári Szövetség'],['Right to far-right'],['Unicameralism']
HU-KovacsTibor,"Tibor, Kovacs",M,1989-11-21,['member'],['Magyar Szocialista Párt'],['Centre-left'],[]
HU-KovacsZoltan,"Zoltán, Kovács",M,2018-11,"['deputyHead', 'member', 'secretaryOfState']",['Fidesz – Magyar Polgári Szövetség'],['Right to far-right'],[]
HU-KovacsZsolt,"Zsolt, Kovacs",M,1991,['member'],['Fidesz – Magyar Polgári Szövetség'],['Right to far-right'],[]
HU-KoverLaszlo,"László, Kövér",M,2014-05-06,"['deputyHead', 'head', 'member']",[],[],['Unicameralism']
HU-KozmaAkos,"Ákos, Kozma",M,2019-09-26,['ombudsman'],[],[],['Unicameralism']
HU-KresztaTrajan,"Traján, Kreszta",M,2014-06-06,['member'],[],[],[]
HU-MarekKuchcinski,"Marek, Kuchciński",M,nan,[],[],[],[]
HU-MeszarosLajos,"Lajos, Mészáros",M,nan,"['deputyHead', 'member']",['Fidesz – Magyar Polgári Szövetség'],['Right to far-right'],[]
HU-KucsakLaszlo,"László, Kucsák",M,2010,"['deputyHead', 'member']",['Fidesz – Magyar Polgári Szövetség'],['Right to far-right'],['Unicameralism']
HU-KulcsarGergely,"Gergely, Kulcsár",M,2004,['member'],['Jobbik Magyarországért Mozgalom'],['Centre-right'],['Unicameralism']
HU-KunhalmiAgnes,"Ágnes, Kunhalmi",F,2014,"['deputyHead', 'head', 'member', 'secretary']",['Magyar Szocialista Párt'],['Centre-left'],['Unicameralism']
HU-LajtarIstvan,"István, Lajtár",M,2013-10-01,"['deputyHead', 'member']",[],[],[]
HU-LamperthMonika,"Mónika, Lamperth",F,1989-12-07,['member'],['Magyar Szocialista Párt'],['Centre-left'],[]
HU-LangZsolt,"Zsolt, Láng",M,1990,['member'],['Fidesz – Magyar Polgári Szövetség'],['Right to far-right'],['Unicameralism']
HU-LaszloImre,"Imre, László",M,2015,['member'],['Demokratikus Koalíció'],['Centre-left'],['Unicameralism']
HU-LaszloTamas,"Tamás, László",M,2010,"['deputyHead', 'member']",['Fidesz – Magyar Polgári Szövetség'],['Right to far-right'],['Unicameralism']
HU-LatorcaiJanos,"János, Latorcai",M,1993,"['deputyHead', 'member']",['Kereszténydemokrata Néppárt'],['Right'],['Unicameralism']
HU-LazarJanos,"János, Lázár",M,2000,"['deputyHead', 'head', 'member', 'minister']","['Fidesz – Magyar Polgári Szövetség', 'Kereszténydemokrata Néppárt']","['Right to far-right', 'Right']",['Unicameralism']
HU-LegenyZsolt,"Zsolt, Legény",M,2006,"['deputyHead', 'member']",['Magyar Szocialista Párt'],['Centre-left'],['Unicameralism']
HU-LendvaiIldiko,"Ildikó, Lendvai",F,1989-11-21,['member'],['Magyar Szocialista Párt'],['Centre-left'],[]
HU-LenkovicsBarnabas,"Barnabás, Lenkovics",M,2007,"['head', 'member']",[],[],[]
HU-LepsenyiIstvan,"István, Lepsényi",M,2015-11-01,['secretaryOfState'],[],[],[]
HU-LezsakSandor,"Sándor, Lezsák",M,2006,"['deputyHead', 'member']",['Fidesz – Magyar Polgári Szövetség'],['Right to far-right'],['Unicameralism']
HU-LocseiLajos,"Lajos, Lőcsei",M,2020-02-15,['member'],['Momentum Mozgalom'],['Centre'],['Unicameralism']
HU-LorincziZoltan,"Zoltán, Lőrinczi",M,2019-09-04,['secretaryOfState'],[],[],[]
HU-LSimonLaszlo,"László, L. Simon",M,2014-05-06,"['deputyHead', 'member', 'secretaryOfState']",[],[],[]
HU-LukacsLaszloGyorgy,"László György, Lukács",M,2010,"['deputyHead', 'head', 'member', 'secretary']",['Jobbik Magyarországért Mozgalom'],['Centre-right'],['Unicameralism']
HU-LukacsZoltan,"Zoltán, Lukács",M,1993,"['deputyHead', 'member']",['Magyar Szocialista Párt'],['Centre-left'],['Unicameralism']
HU-MagerAndrea,"Andrea, Mager",F,2011-03-21,"['member', 'minister']",[],[],[]
HU-MagyarLevente,"Levente, Magyar",M,2014-10-01,['secretaryOfState'],[],[],[]
HU-MagyarZoltan,"Zoltán, Magyar",M,2007,"['deputyHead', 'member']",['Jobbik Magyarországért Mozgalom'],['Centre-right'],['Unicameralism']
HU-MajtenyiLaszlo,"László, Majtényi",M,nan,[],[],[],[]
HU-MandurLaszlo,"László, Mandur",M,1989-11-21,['member'],['Magyar Szocialista Párt'],['Centre-left'],[]
HU-ManningerJeno,"Jenő, Manninger",M,2002,"['deputyHead', 'member']",['Fidesz – Magyar Polgári Szövetség'],['Right to far-right'],['Unicameralism']
HU-MarkiZoltan,"Zoltán, Márki",M,2021-06-22,['member'],[],[],[]
HU-MaruzsaZoltanViktor,"Zoltán Viktor, Maruzsa",M,2019-09-01,['secretaryOfState'],[],[],[]
HU-MatolcsyGyorgy,"György, Matolcsy",M,2013-03-04,"['head', 'member']",[],[],[]
HU-MatraiMarta,"Márta, Mátrai",F,1993,"['deputyHead', 'member']",['Fidesz – Magyar Polgári Szövetség'],['Right to far-right'],['Unicameralism']
HU-MellarTamas,"Tamás, Mellar",M,2018-05-08,"['deputyHead', 'member']",[],[],['Unicameralism']
HU-MenczerTamas,"Tamás, Menczer",M,2018-05-22,"['member', 'secretaryOfState']",['Fidesz – Magyar Polgári Szövetség'],['Right to far-right'],['Unicameralism']
HU-MengyiRoland,"Roland, Mengyi",M,2010,"['deputyHead', 'member']",['Fidesz – Magyar Polgári Szövetség'],['Right to far-right'],['Unicameralism']
HU-MesterhazyAttila,"Attila, Mesterházy",M,2009,"['deputyHead', 'head', 'member']",['Magyar Szocialista Párt'],['Centre-left'],['Unicameralism']
HU-MihalffyBela,"Béla, Mihállfy",M,nan,"['member', 'secretary']",['Kereszténydemokrata Néppárt'],['Right'],['Unicameralism']
HU-MikolaIstvan,"István, Mikola",M,2014-06-06,['secretaryOfState'],[],[],[]
HU-MirkoczkiAdam,"Ádám, Mirkóczki",M,2008,"['head', 'member', 'secretary']",['Jobbik Magyarországért Mozgalom'],['Centre-right'],['Unicameralism']
HU-MolnarAgnes,"Ágnes, Molnár",F,2010,"['deputyHead', 'member']",['Fidesz – Magyar Polgári Szövetség'],['Right to far-right'],['Unicameralism']
HU-MolnarCsaba,"Csaba, Molnár",M,nan,['member'],"['Demokratikus Koalíció', 'Magyar Szocialista Párt']","['Centre-left', 'Centre-left']",[]
HU-MolnarGyula,"Gyula, Molnár",M,1989-11-21,"['deputyHead', 'head', 'member']",['Magyar Szocialista Párt'],['Centre-left'],['Unicameralism']
HU-MolnarZsolt,"Zsolt, Molnár",M,2006,"['deputyHead', 'head', 'member']",['Magyar Szocialista Párt'],['Centre-left'],['Unicameralism']
HU-MoringJozsefAttila,"József Attila, Móring",M,2005,"['deputyHead', 'member', 'secretary']",['Kereszténydemokrata Néppárt'],['Right'],['Unicameralism']
HU-MorvaiKrisztina,"Krisztina, Morvai",F,2009-07-14,['member'],[],[],[]
HU-MosocziLaszlo,"László, Mosóczi",M,2018-05-18,['secretaryOfState'],[],[],[]
HU-NagyBalint,"Bálint, Nagy",M,nan,"['member', 'secretaryOfState']",['Fidesz – Magyar Polgári Szövetség'],['Right to far-right'],[]
HU-NacsaLorinc,"Lőrinc, Nacsa",M,2009,"['deputyHead', 'member', 'secretary']",['Kereszténydemokrata Néppárt'],['Right'],['Unicameralism']
HU-NagyAttilaMihaly,"Attila Mihály, Nagy",M,2020-09-15,"['head', 'member']",[],[],[]
HU-NagyCsaba,"Csaba, Nagy",M,1988-03-30,['member'],['Fidesz – Magyar Polgári Szövetség'],['Right to far-right'],['Unicameralism']
HU-NagyIstvan,"István, Nagy",M,2014-06-06,"['head', 'member', 'minister', 'secretaryOfState']",[],[],[]
HU-NagyMarton,"Márton István, Nagy",M,2015-09-01,"['deputyHead', 'member']",[],[],[]
HU-NavracsicsTibor,"Tibor, Navracsics",M,1998,"['head', 'member', 'minister']","['Fidesz – Magyar Polgári Szövetség', 'Kereszténydemokrata Néppárt']","['Right to far-right', 'Right']",['Unicameralism']
HU-NemenyAndras,"András, Nemény",M,2000,['member'],['Magyar Szocialista Párt'],['Centre-left'],[]
HU-NemethLaszlone,"Lászlóné, Németh",F,2014-06-06,['secretaryOfState'],[],[],[]
HU-NemethSzilard,"Szilárd István, Németh",M,1996,"['deputyHead', 'member', 'secretaryOfState']",['Fidesz – Magyar Polgári Szövetség'],['Right to far-right'],['Unicameralism']
HU-NemethZsolt,"Zsolt, Németh",M,1988-03-30,"['deputyHead', 'head', 'member', 'secretaryOfState']",['Fidesz – Magyar Polgári Szövetség'],['Right to far-right'],['Unicameralism']
HU-NiedermullerPeter,"Péter, Niedermüller",M,2014-07-01,['member'],[],[],[]
HU-NovakElod,"Előd, Novák",M,2003-10-24,"['deputyHead', 'member']","['Jobbik Magyarországért Mozgalom', 'Mi Hazánk Mozgalom']","['Centre-right', 'Far-right']",['Unicameralism']
HU-NovakKatalin,"Katalin Éva, Novák",F,2014-06-06,"['deputyHead', 'head', 'member', 'minister', 'secretaryOfState']",['Fidesz – Magyar Polgári Szövetség'],['Right to far-right'],[]
HU-NunkovicsTibor,"Tibor, Nunkovics",M,2010,"['deputyHead', 'member']",['Jobbik Magyarországért Mozgalom'],['Centre-right'],['Unicameralism']
HU-NyakoIstvan,"István, Nyakó",M,1989-11-21,['member'],['Magyar Szocialista Párt'],['Centre-left'],[]
HU-NyitraiZsolt,"Zsolt, Nyitrai",M,1994,['member'],['Fidesz – Magyar Polgári Szövetség'],['Right to far-right'],['Unicameralism']
HU-OlahLajos,"Lajos, Oláh",M,nan,"['deputyHead', 'member']","['Demokratikus Koalíció', 'Magyar Szocialista Párt']","['Centre-left', 'Centre-left']",['Unicameralism']
HU-OnodiSzucsZoltan,"Zoltán Gusztáv, Ónodi-Szűcs",M,2014-06-06,['secretaryOfState'],[],[],[]
HU-OrbanBalazs,"Balázs András, Orbán",M,2014,"['member', 'secretaryOfState']",['Fidesz – Magyar Polgári Szövetség'],['Right to far-right'],['Unicameralism']
HU-OrbanGabor,"Gábor, Orbán",M,2014-06-06,['secretaryOfState'],[],[],[]
HU-OrbanViktor,"Viktor, Orbán",M,2003,"['head', 'member']",['Fidesz – Magyar Polgári Szövetség'],['Right to far-right'],['Unicameralism']
HU-OroszAnna,"Anna, Orosz",F,2017-03-04,"['head', 'member']",['Momentum Mozgalom'],['Centre'],['Unicameralism']
HU-OvadiPeter,"Péter, Ovádi",M,2014-06-06,['member'],['Fidesz – Magyar Polgári Szövetség'],['Right to far-right'],['Unicameralism']
HU-PacsayTomassichOrsolya,"Orsolya, Pacsay-Tomassich",F,2018-05-18,['secretaryOfState'],[],[],[]
HU-PajtokGabor,"Gábor, Pajtók",M,2010,['member'],['Fidesz – Magyar Polgári Szövetség'],['Right to far-right'],['Unicameralism']
HU-PalBela,"Béla, Pál",M,nan,[],[],[],[]
HU-PalTibor,"Tibor, Pál",M,1989-11-21,['member'],['Magyar Szocialista Párt'],['Centre-left'],[]
HU-PalffyIlona,"Ilona, Pálffy",F,2013-05-24,"['head', 'member']",[],[],[]
HU-PalkovicsLaszlo,"László, Palkovics",M,2014-06-06,"['head', 'member', 'minister', 'secretaryOfState']",[],[],[]
HU-PanczelKaroly,"Károly, Pánczél",M,1990,"['deputyHead', 'head', 'member']",['Fidesz – Magyar Polgári Szövetség'],['Right to far-right'],['Unicameralism']
HU-MariaPanczykPozdziej,"Maria, Pańczyk-Pozdziej",F,nan,[],[],[],[]
HU-PapcsakFerenc,"Ferenc, Papcsák",M,2010,"['deputyHead', 'head', 'member']",['Fidesz – Magyar Polgári Szövetség'],['Right to far-right'],['Unicameralism']
HU-PatyiAndras,"András, Patyi",M,2013-09-30,"['deputyHead', 'head', 'member']",[],[],[]
HU-PatyiGergelySandor,"Gergely Sándor, Patyi",M,2014-06-06,['secretaryOfState'],[],[],[]
HU-PaulikAntal,"Antal, Paulik",M,2018-05-09,['member'],[],[],[]
HU-PelczneDrGallIldiko,"Ildikó, Pelczné Gáll",F,2010-07-02,"['deputyHead', 'member']",[],[],[]
HU-PerenyiSigismundPeter,"Sigismund Péter, Perényi",M,2019-09-11,['secretaryOfState'],[],[],[]
HU-PestiImre,"Imre, Pesti",M,2006,"['deputyHead', 'member']",['Fidesz – Magyar Polgári Szövetség'],['Right to far-right'],['Unicameralism']
HU-PetnehazyAttila,"Attila, Petneházy",M,1998,['member'],['Fidesz – Magyar Polgári Szövetség'],['Right to far-right'],['Unicameralism']
HU-PinterSandor,"Sándor, Pintér",M,2014-06-06,"['deputyHead', 'head', 'member', 'minister']",[],[],[]
HU-PinterTamas,"Tamás, Pintér",M,2010,['member'],['Jobbik Magyarországért Mozgalom'],['Centre-right'],['Unicameralism']
HU-PleschingerGyula,"Gyula, Pleschinger",M,2013-03-05,['member'],[],[],[]
HU-PocsJanos,"János, Pócs",M,2010,"['member', 'secretary']",['Fidesz – Magyar Polgári Szövetség'],['Right to far-right'],['Unicameralism']
HU-PogacsasTibor,"Tibor, Pogácsás",M,1990,"['deputyHead', 'member', 'secretaryOfState']",['Fidesz – Magyar Polgári Szövetség'],['Right to far-right'],['Unicameralism']
HU-PoltPeter,"Péter, Polt",M,2003,"['head', 'member']",[],[],[]
HU-PosanLaszlo,"László, Pósán",M,1998,"['deputyHead', 'head', 'member']",['Fidesz – Magyar Polgári Szövetség'],['Right to far-right'],['Unicameralism']
HU-PotapiArpadJanos,"Árpád János, Potápi",M,2014-06-06,"['head', 'member', 'secretaryOfState']",[],[],[]
HU-PotocskaneKorosiAnita,"Anita, Potocskáné Kőrösi",F,2016,"['deputyHead', 'member']",['Jobbik Magyarországért Mozgalom'],['Centre-right'],['Unicameralism']
HU-PuchLaszlo,"László, Puch",M,1989-11-21,['member'],['Magyar Szocialista Párt'],['Centre-left'],[]
HU-RaczAndras,"András, Rácz",M,2014-06-06,['secretaryOfState'],[],[],[]
HU-RaczneFoldiJudit,"Földi Judit, Ráczné",F,2013,"['deputyHead', 'member']",['Demokratikus Koalíció'],['Centre-left'],[]
HU-RakossyBalazs,"Balázs, Rákossy",M,2014-06-06,['secretaryOfState'],[],[],[]
HU-RepassyRobert,"Róbert, Répássy",M,1993,"['deputyHead', 'member', 'secretaryOfState']",['Fidesz – Magyar Polgári Szövetség'],['Right to far-right'],['Unicameralism']
HU-RetvariBence,"Bence, Rétvári",M,2010,"['deputyHead', 'member', 'secretaryOfState']",['Kereszténydemokrata Néppárt'],['Right'],['Unicameralism']
HU-ReveszMariusz,"Máriusz, Révész",M,1988-03-30,"['member', 'secretaryOfState']",['Fidesz – Magyar Polgári Szövetség'],['Right to far-right'],['Unicameralism']
HU-RigLajos,"Lajos, Rig",M,2008,"['deputyHead', 'member']",['Jobbik Magyarországért Mozgalom'],['Centre-right'],['Unicameralism']
HU-RitterImre,"Imre, Ritter",M,2014,"['head', 'member']",['Magyarországi Németek Országos Önkormányzata'],['Centre-right'],['Unicameralism']
HU-RizGabor,"Gábor, Riz",M,2006,['member'],['Fidesz – Magyar Polgári Szövetség'],['Right to far-right'],['Unicameralism']
HU-RoganAntal,"Antal, Rogán",M,1996,"['head', 'member', 'minister']",['Fidesz – Magyar Polgári Szövetség'],['Right to far-right'],['Unicameralism']
HU-RonayneSlabaEwaMaria,"Ewa Maria, Rónayné Slaba",F,2018-05-18,['member'],[],[],[]
HU-RubovszkyGyorgy,"György, Rubovszky",M,1989,"['deputyHead', 'head', 'member']",['Kereszténydemokrata Néppárt'],['Right'],['Unicameralism']
HU-SalaczLaszlo,"László, Salacz",M,2004,"['deputyHead', 'member']",['Fidesz – Magyar Polgári Szövetség'],['Right to far-right'],['Unicameralism']
HU-SallaiRBenedek,"Benedek, Sallai R.",M,2009-02-14,"['head', 'member']",['Lehet Más a Politika'],['Centre to centre-left'],['Unicameralism']
HU-SasZoltan,"Zoltán, Sas",M,2008,"['deputyHead', 'head', 'member']",['Jobbik Magyarországért Mozgalom'],['Centre-right'],['Unicameralism']
HU-SchandaTamasJanos,"Tamás János, Schanda",M,2010,"['deputyHead', 'member', 'secretaryOfState']",['Kereszténydemokrata Néppárt'],['Right'],[]
HU-SchifferAndras,"András, Schiffer",M,2013,"['head', 'member']",['Lehet Más a Politika'],['Centre to centre-left'],['Unicameralism']
HU-SchmuckErzsebet,"Erzsébet, Schmuck",F,2009-02-14,"['deputyHead', 'head', 'member', 'secretary']","['Lehet Más a Politika', 'LMP - Magyarország Zöld Pártja']","['Centre to centre-left', 'Centre to centre-left']",['Unicameralism']
HU-SebianPetrovszkiLaszlo,"László, Sebián-Petrovszki",M,2012-01-01,"['deputyHead', 'member']",['Demokratikus Koalíció'],['Centre-left'],['Unicameralism']
HU-SebokEva,"Éva, Sebők",F,2017-03-04,['member'],['Momentum Mozgalom'],['Centre'],['Unicameralism']
HU-SelmecziGabriella,"Gabriella, Selmeczi",F,1990,"['deputyHead', 'head', 'member']",['Fidesz – Magyar Polgári Szövetség'],['Right to far-right'],['Unicameralism']
HU-SemjenZsolt,"Zsolt, Semjén",M,2003,"['deputyHead', 'head', 'member', 'minister']",['Kereszténydemokrata Néppárt'],['Right'],['Unicameralism']
HU-SenyeiGyorgyBarna,"György Barna, Senyei",M,2019-12-10,"['head', 'member']",[],[],[]
HU-SesztakMiklos,"Miklós, Seszták",M,1998,"['deputyHead', 'head', 'member', 'minister']",['Kereszténydemokrata Néppárt'],['Right'],['Unicameralism']
HU-SianosTamas,"Tamás, Sianos",M,2018-05-08,['member'],[],[],['Unicameralism']
HU-SimicskoIstvan,"István, Simicskó",M,1991,"['deputyHead', 'head', 'member', 'minister', 'secretary', 'secretaryOfState']",['Kereszténydemokrata Néppárt'],['Right'],['Unicameralism']
HU-SimonGabor,"Gábor, Simon",M,1994,['member'],['Magyar Szocialista Párt'],['Centre-left'],[]
HU-SimonGabor_dr,"Gábor, Simon",M,1996,['member'],['Magyar Szocialista Párt'],['Centre-left'],[]
HU-SimonMiklos,"Miklós, Simon",M,2002,"['deputyHead', 'member']",['Fidesz – Magyar Polgári Szövetség'],['Right to far-right'],['Unicameralism']
HU-SimonRobertBalazs,"Róbert Balázs, Simon",M,1995,"['deputyHead', 'member', 'secretaryOfState']",['Fidesz – Magyar Polgári Szövetség'],['Right to far-right'],['Unicameralism']
HU-SneiderTamas,"Tamás, Sneider",M,2007,"['deputyHead', 'head', 'member']",['Jobbik Magyarországért Mozgalom'],['Centre-right'],['Unicameralism']
HU-SolteszMiklos,"Miklós, Soltész",M,1997,"['deputyHead', 'member', 'secretaryOfState']",['Kereszténydemokrata Néppárt'],['Right'],[]
HU-SosTamas,"Tamás, Sós",M,1989-11-21,['member'],['Magyar Szocialista Párt'],['Centre-left'],[]
HU-StaudtGabor,"Gábor, Staudt",M,2003-10-24,"['deputyHead', 'member']",['Jobbik Magyarországért Mozgalom'],['Centre-right'],['Unicameralism']
HU-SteinerAttila,"Attila, Steiner",M,2019-07-01,['secretaryOfState'],[],[],[]
HU-SteinerPal,"Pál, Steiner",M,1989-11-21,['member'],['Magyar Szocialista Párt'],['Centre-left'],[]
HU-SteinmetzAdam,"Ádám, Steinmetz",M,2017,"['member', 'secretary']",['Jobbik Magyarországért Mozgalom'],['Centre-right'],['Unicameralism']
HU-StummerJanos,"János, Stummer",M,2009,"['deputyHead', 'head', 'member', 'secretary']",['Jobbik Magyarországért Mozgalom'],['Centre-right'],['Unicameralism']
HU-SuliJanos,"János, Süli",M,2017-04-10,"['deputyHead', 'member', 'minister', 'secretaryOfState']",[],[],[]
HU-SulyokTamas,"Tamás, Sulyok",M,2014-09-27,"['deputyHead', 'head', 'member']",[],[],[]
HU-SzabadiIstvan,"István, Szabadi",M,2018-06-23,"['deputyHead', 'member']",['Mi Hazánk Mozgalom'],['Far-right'],['Unicameralism']
HU-SzaboImre,"Imre, Szabó",M,1992,['member'],['Magyar Szocialista Párt'],['Centre-left'],[]
HU-SzaboIstvan,"István, Szabó",M,2018-05-18,['secretaryOfState'],[],[],[]
HU-SzaboLaszlo,"László, Szabó",M,2014-06-06,['secretaryOfState'],[],[],[]
HU-SzabolcsAttila,"Attila, Szabolcs",M,2002,"['deputyHead', 'member']",['Fidesz – Magyar Polgári Szövetség'],['Right to far-right'],['Unicameralism']
HU-SzaboRebeka,"Rebeka, Szabó",F,2013-02-17,"['deputyHead', 'head', 'member']",['Párbeszéd Magyarországért'],['Centre-left to left'],['Unicameralism']
HU-SzaboSandor,"Sándor, Szabó",M,1999,"['deputyHead', 'member', 'secretary']",['Magyar Szocialista Párt'],['Centre-left'],['Unicameralism']
HU-SzaboSzabolcs,"Szabolcs, Szabó",M,2013-03-08,['member'],['Együtt – a Korszakváltók Pártja'],['Centre'],['Unicameralism']
HU-SzaboTimea,"Tímea, Szabó",F,2013-02-17,"['deputyHead', 'head', 'member']",['Párbeszéd Magyarországért'],['Centre-left to left'],['Unicameralism']
HU-SzaboTunde,"Tünde, Szabó",F,2014,"['member', 'secretaryOfState']",['Fidesz – Magyar Polgári Szövetség'],['Right to far-right'],['Unicameralism']
HU-SzaboVilmos,"Vilmos, Szabó",M,1989-11-21,['member'],['Magyar Szocialista Párt'],['Centre-left'],[]
HU-SzaboZsolt,"Zsolt, Szabó",M,2013-02-17,"['deputyHead', 'member', 'secretaryOfState']",['Párbeszéd Magyarországért'],['Centre-left to left'],['Unicameralism']
HU-SzajerJozsef,"József, Szájer",M,2004,['member'],[],[],[]
HU-SzakacsLaszlo,"László, Szakács",M,2014,"['deputyHead', 'member']",['Magyar Szocialista Párt'],['Centre-left'],['Unicameralism']
HU-SzanyiTibor,"Tibor, Szanyi",M,1998-06-15,['member'],['Magyar Szocialista Párt'],['Centre-left'],[]
HU-SzaszfalviLaszlo,"László, Szászfalvi",M,2006,"['deputyHead', 'member']",['Kereszténydemokrata Néppárt'],['Right'],['Unicameralism']
HU-SzatmaryKristof,"Kristóf, Szatmáry",M,1993,"['deputyHead', 'member']",['Fidesz – Magyar Polgári Szövetség'],['Right to far-right'],['Unicameralism']
HU-SzavayIstvan,"István, Szávay",M,2003-10-24,"['deputyHead', 'member', 'secretary']",['Jobbik Magyarországért Mozgalom'],['Centre-right'],['Unicameralism']
HU-SzeberenyiGyulaTamas,"Gyula Tamás, Szeberényi",M,1993,['member'],['Fidesz – Magyar Polgári Szövetség'],['Right to far-right'],[]
HU-SzekeresImre,"Imre, Szekeres",M,1989-11-21,['member'],['Magyar Szocialista Párt'],['Centre-left'],[]
HU-SzekelyLaszlo,"László, Székely",M,2013-09-26,['ombudsman'],[],[],['Unicameralism']
HU-SzekelySandor,"Sándor, Székely",M,2011-10-01,['member'],['Magyar Szolidaritás Mozgalom'],['Centre-left'],['Unicameralism']
HU-SzelBernadett,"Bernadett, Szél",F,2010,"['deputyHead', 'head', 'member']","['Lehet Más a Politika', 'LMP - Magyarország Zöld Pártja']","['Centre to centre-left', 'Centre to centre-left']",['Unicameralism']
HU-SzelenyiZsuzsanna,"Zsuzsanna, Szelényi",F,2014-05-06,['member'],[],[],['Unicameralism']
HU-SzijjartoPeter,"Péter, Szijjártó",M,2014-05-06,"['head', 'member', 'minister', 'secretaryOfState']",[],[],['Unicameralism']
HU-SzilagyiGyorgy,"György, Szilágyi",M,2008,"['deputyHead', 'member', 'secretary']",['Jobbik Magyarországért Mozgalom'],['Centre-right'],['Unicameralism']
HU-SziliKatalin,"Katalin, Szili",F,1989-11-21,['member'],['Magyar Szocialista Párt'],['Centre-left'],[]
HU-SzolgaJozsef,"József, Szolga",M,2018-05-09,['member'],[],[],[]
HU-SztarayPeterAndras,"Péter András, Sztáray",M,2018-06-23,['secretaryOfState'],[],[],[]
HU-SztojkaAttila,"Attila, Sztojka",M,2010,['member'],['Fidesz – Magyar Polgári Szövetség'],['Right to far-right'],['Unicameralism']
HU-SzucsErika,"Erika, Szűcs",F,1989-11-21,['member'],['Magyar Szocialista Párt'],['Centre-left'],[]
HU-SzucsLajos,"Lajos, Szűcs",M,2001,"['deputyHead', 'member', 'secretary']",['Fidesz – Magyar Polgári Szövetség'],['Right to far-right'],['Unicameralism']
HU-SzuperakBrigitta,"Brigitta, Szuperák",F,2018-05-09,['member'],[],[],[]
HU-TakacsSzabolcsFerenc,"Szabolcs Ferenc, Takács",M,2018-05-25,['secretaryOfState'],[],[],[]
HU-TallaiAndras,"András, Tállai",M,2014-06-06,['secretaryOfState'],[],[],[]
HU-TapolczaiGergely,"Gergely, Tapolczai",M,2010,['member'],['Fidesz – Magyar Polgári Szövetség'],['Right to far-right'],['Unicameralism']
HU-TasnadiLaszlo,"László, Tasnádi",M,2014-06-06,['secretaryOfState'],[],[],[]
HU-TasoLaszlo,"László, Tasó",M,2014-05-06,"['deputyHead', 'member', 'secretaryOfState']",[],[],[]
HU-TeglasiAndras,"András, Téglási",M,2018,"['head', 'member']",[],[],[]
HU-TelekiLaszlo,"László, Teleki",M,2002,['member'],['Magyar Szocialista Párt'],['Centre-left'],['Unicameralism']
HU-TesselyZoltan,"Zoltán, Tessely",M,2002,"['deputyHead', 'member']",['Fidesz – Magyar Polgári Szövetség'],['Right to far-right'],['Unicameralism']
HU-TibaIstvan,"István, Tiba",M,2002,"['deputyHead', 'member', 'secretary']",['Fidesz – Magyar Polgári Szövetség'],['Right to far-right'],['Unicameralism']
HU-TiffanZsolt,"Zsolt, Tiffán",M,1998,['member'],['Fidesz – Magyar Polgári Szövetség'],['Right to far-right'],['Unicameralism']
HU-TilkiAttila,"Attila, Tilki",M,1999,"['deputyHead', 'member']",['Fidesz – Magyar Polgári Szövetség'],['Right to far-right'],['Unicameralism']
HU-StanislawTillich,"Stanislaw, Tillich",M,nan,[],[],[],[]
HU-TirtsTamasAttila,"Tamás Attila, Tirts",M,2021-05-18,['member'],[],[],[]
HU-TobiasJozsef,"József, Tóbiás",M,1991,"['deputyHead', 'head', 'member']",['Magyar Szocialista Párt'],['Centre-left'],['Unicameralism']
HU-TomposMartonKristof,"Márton Kristóf, Tompos",M,2017-03-04,"['deputyHead', 'member']",['Momentum Mozgalom'],['Centre'],['Unicameralism']
HU-TordaiBence,"Bence, Tordai",M,2013-02-17,"['deputyHead', 'head', 'member', 'secretary']",['Párbeszéd Magyarországért'],['Centre-left to left'],['Unicameralism']
HU-ToroczkaiLaszlo,"László, Toroczkai",M,2016-05-29,"['deputyHead', 'head', 'member']","['Jobbik Magyarországért Mozgalom', 'Mi Hazánk Mozgalom']","['Centre-right', 'Far-right']",[]
HU-ToroGabor,"Gábor, Törő",M,1994,"['deputyHead', 'member']",['Fidesz – Magyar Polgári Szövetség'],['Right to far-right'],['Unicameralism']
HU-TothBertalan,"Bertalan, Tóth",M,1992,"['deputyHead', 'head', 'member']",['Magyar Szocialista Párt'],['Centre-left'],['Unicameralism']
HU-TothCsaba,"Csaba, Tóth",M,2000,"['deputyHead', 'member']",['Magyar Szocialista Párt'],['Centre-left'],['Unicameralism']
HU-TothEndre,"Endre, Tóth",M,2017-03-04,['member'],['Momentum Mozgalom'],['Centre'],['Unicameralism']
HU-TothJozsef,"József, Tóth",M,1989-11-21,['member'],['Magyar Szocialista Párt'],['Centre-left'],[]
HU-TrocsanyiLaszlo,"László, Trócsányi",M,2014-06-06,"['head', 'member', 'minister']",[],[],[]
HU-TukacsIstvan,"István, Tukacs",M,1989-11-21,['member'],['Magyar Szocialista Párt'],['Centre-left'],['Unicameralism']
HU-TurgyanTamas,"Tamás, Turgyán",M,2014-06-06,['member'],[],[],[]
HU-TuriKovacsBela,"Béla, Turi-Kovács",M,2002,"['deputyHead', 'head', 'member']",['Fidesz – Magyar Polgári Szövetség'],['Right to far-right'],['Unicameralism']
HU-TuzsonBence,"Bence, Tuzson",M,1998,"['deputyHead', 'member', 'secretaryOfState']",['Fidesz – Magyar Polgári Szövetség'],['Right to far-right'],['Unicameralism']
HU-UjhelyiIstvan,"István, Ujhelyi",M,1993,"['deputyHead', 'member']",['Magyar Szocialista Párt'],['Centre-left'],[]
HU-UngarPeter,"Péter, Ungár",M,2013,"['head', 'member', 'secretary']","['Lehet Más a Politika', 'LMP - Magyarország Zöld Pártja']","['Centre to centre-left', 'Centre to centre-left']",['Unicameralism']
HU-VadaiAgnes,"Ágnes, Vadai",F,1999,"['deputyHead', 'member', 'secretary']","['Demokratikus Koalíció', 'Magyar Szocialista Párt']","['Centre-left', 'Centre-left']",['Unicameralism']
HU-VagoSebestyen,"Sebestyén, Vágó",M,2007,"['deputyHead', 'member']",['Jobbik Magyarországért Mozgalom'],['Centre-right'],['Unicameralism']
HU-VajdaZoltan,"Zoltán, Vajda",M,2014,"['head', 'member']",['Együtt – a Korszakváltók Pártja'],['Centre'],['Unicameralism']
HU-VantaraGyula,"Gyula, Vantara",M,2006,"['deputyHead', 'member']",['Fidesz – Magyar Polgári Szövetség'],['Right to far-right'],['Unicameralism']
HU-VargaDammAndrea,"Andrea, Varga-Damm",F,2018,"['deputyHead', 'member']",['Jobbik Magyarországért Mozgalom'],['Centre-right'],['Unicameralism']
HU-VargaFerenc,"Ferenc, Varga",M,2021-10-01,"['deputyHead', 'member', 'secretary']",['Jobbik Magyarországért Mozgalom'],['Centre-right'],['Unicameralism']
HU-VargaGabor,"Gábor, Varga",M,2002,"['deputyHead', 'member']",['Fidesz – Magyar Polgári Szövetség'],['Right to far-right'],['Unicameralism']
HU-VargaJozsef,"József, Varga",M,1994,"['deputyHead', 'member']",['Fidesz – Magyar Polgári Szövetség'],['Right to far-right'],['Unicameralism']
HU-VargaJudit,"Judit, Varga",F,2018-05-22,"['head', 'member', 'minister', 'secretaryOfState']",[],[],[]
HU-VargaLaszlo,"László, Varga",M,2000,"['deputyHead', 'member', 'secretary']",['Magyar Szocialista Párt'],['Centre-left'],['Unicameralism']
HU-VargaMihaly,"Mihály, Varga",M,2014-05-06,"['deputyHead', 'head', 'member', 'minister']",[],[],['Unicameralism']
HU-VargaSzimeon,"Szimeon, Varga",M,2014-05-06,"['deputyHead', 'member']",[],[],['Unicameralism']
HU-VargaZoltan,"Zoltán, Varga",M,2005,"['deputyHead', 'head', 'member']","['Demokratikus Koalíció', 'Magyar Szocialista Párt']","['Centre-left', 'Centre-left']",[]
HU-VargaZsAndras,"András, Varga Zs.",M,2014-09-27,"['head', 'member']",[],[],[]
HU-VarghaTamas,"Tamás, Vargha",M,2010,"['deputyHead', 'member', 'secretaryOfState']",['Fidesz – Magyar Polgári Szövetség'],['Right to far-right'],[]
HU-VarjuLaszlo,"László, Varju",M,1989-11-21,"['deputyHead', 'head', 'member']","['Demokratikus Koalíció', 'Magyar Szocialista Párt']","['Centre-left', 'Centre-left']",['Unicameralism']
HU-VasImre,"Imre, Vas",M,2010,"['deputyHead', 'member']",['Fidesz – Magyar Polgári Szövetség'],['Right to far-right'],['Unicameralism']
HU-VecseyLaszlo,"László, Vécsey",M,1989,"['deputyHead', 'head', 'member']",['Fidesz – Magyar Polgári Szövetség'],['Right to far-right'],['Unicameralism']
HU-VejkeyImre,"Imre, Vejkey",M,2003,"['deputyHead', 'head', 'member']",['Kereszténydemokrata Néppárt'],['Right'],['Unicameralism']
HU-VelezArpad,"Árpád, Velez",M,2002,"['deputyHead', 'member']",['Magyar Szocialista Párt'],['Centre-left'],['Unicameralism']
HU-VeresJanos,"János, Veres",M,1989-11-21,['member'],"['Demokratikus Koalíció', 'Magyar Szocialista Párt']","['Centre-left', 'Centre-left']",[]
HU-VeghNoemi,"Noémi, Végh",F,nan,['member'],['Jobbik Magyarországért Mozgalom'],['Centre-right'],['Unicameralism']
HU-VighLaszlo,"László, Vigh",M,1994,"['deputyHead', 'member']",['Fidesz – Magyar Polgári Szövetség'],['Right to far-right'],['Unicameralism']
HU-VinnaiGyozo,"Győző, Vinnai",M,2002,"['deputyHead', 'member', 'secretary']",['Fidesz – Magyar Polgári Szövetség'],['Right to far-right'],['Unicameralism']
HU-ViragBarnabas,"Barnabás, Virág",M,2020-06-22,"['deputyHead', 'member']",[],[],[]
HU-VitalyosEszter,"Eszter Zsuzsanna, Vitályos",F,2021,"['deputyHead', 'member', 'secretaryOfState']",['Fidesz – Magyar Polgári Szövetség'],['Right to far-right'],['Unicameralism']
HU-VitanyiIstvan,"István, Vitányi",M,1998,"['deputyHead', 'member']",['Fidesz – Magyar Polgári Szövetség'],['Right to far-right'],['Unicameralism']
HU-VitanyiIvan,"Iván, Vitányi",M,1989-11-21,['member'],"['Demokratikus Koalíció', 'Magyar Szocialista Párt']","['Centre-left', 'Centre-left']",[]
HU-VizkeletyMariann,"Mariann, Vízkelety",F,2014-06-06,['secretaryOfState'],[],[],[]
HU-VNemethZsolt,"Zsolt, V. Németh",M,2006,"['deputyHead', 'member', 'secretaryOfState']",['Fidesz – Magyar Polgári Szövetség'],['Right to far-right'],['Unicameralism']
HU-VolnerJanos,"János, Volner",M,2009,"['deputyHead', 'head', 'member']","['Huxit Párt', 'Jobbik Magyarországért Mozgalom', 'Mi Hazánk Mozgalom', 'Volner Párt']","['Far-right', 'Centre-right', 'Far-right', 'Far-right']",['Unicameralism']
HU-VolnerPal,"Pál, Völner",M,2010,"['member', 'secretaryOfState']",['Fidesz – Magyar Polgári Szövetség'],['Right to far-right'],['Unicameralism']
HU-VonaGabor,"Gábor, Vona",M,2006,"['deputyHead', 'head', 'member']",['Jobbik Magyarországért Mozgalom'],['Centre-right'],['Unicameralism']
HU-WarvasovszkyTihamer,"Tihamér, Warvasovszky",M,2010-07-05,"['deputyHead', 'member']",[],[],[]
HU-WitzmannMihaly,"Mihály, Witzmann",M,2014,"['deputyHead', 'member']",['Fidesz – Magyar Polgári Szövetség'],['Right to far-right'],['Unicameralism']
HU-ZKarpatDaniel,"Dániel, Z. Kárpát",M,2009,"['deputyHead', 'head', 'member', 'secretary']",['Jobbik Magyarországért Mozgalom'],['Centre-right'],['Unicameralism']
HU-ZomborGabor,"Gábor, Zombor",M,2014-06-06,['secretaryOfState'],[],[],[]
HU-ZsigmondBarnaPal,"Barna Pál, Zsigmond",M,2014,"['deputyHead', 'member']",['Fidesz – Magyar Polgári Szövetség'],['Right to far-right'],['Unicameralism']
HU-ZsigoRobert,"Róbert, Zsigó",M,1991,"['deputyHead', 'member', 'secretaryOfState']",['Fidesz – Magyar Polgári Szövetség'],['Right to far-right'],['Unicameralism']
HU-RonaPeterZsolt,"Péter Zsolt, Róna",M,nan,[],[],[],[]
HU-LatorcaiCsabaJanos,"Csaba János, Latorcai",M,2014-06-07,['secretaryOfState'],[],[],[]
HU-AgosthazySzabolcsImre,"Szabolcs Imre, Ágostházy",M,2020-10-01,['secretaryOfState'],[],[],[]
HU-SchmidtAdam,"Ádám, Schmidt",M,2022-05-24,['secretaryOfState'],[],[],[]
HU-WindischLaszlo,"László, Windisch",M,2022-07-04,"['head', 'member']",[],[],[]
HU-TakacsPeter,"Péter, Takács",M,2022-05-25,['secretaryOfState'],[],[],[]
HU-VitezyDavid,"Dávid, Vitézy",M,2022-05-25,['secretaryOfState'],[],[],[]
HU-RaiszAniko,"Anikó, Raisz",F,2019-07-16,['secretaryOfState'],[],[],[]
HU-KutnyanszkyZsoltKrisztian,"Zsolt Krisztián, Kutnyánszky",M,2022-05-25,['secretaryOfState'],[],[],[]
HU-LantosLajosCsaba,"Lajos Csaba, Lantos",M,2022-12-01,"['head', 'member', 'minister']",[],[],[]
HU-HankoBalazsZoltan,"Balázs Zoltán, Hankó",M,2022-12-01,['secretaryOfState'],[],[],[]
HU-PanyiMiklos,"Miklós, Panyi",M,2022-05-25,['secretaryOfState'],[],[],[]
HU-TothTibor,"Tibor, Tóth",M,2022-07-01,['secretaryOfState'],[],[],[]
HU-ZavogyanMagdolna,"Magdolna, Závogyán",F,2023-02-01,['secretaryOfState'],[],[],[]
HU-LanszkiRegoBalazs,"Regő Balázs, Lánszki",M,2022-05-25,['secretaryOfState'],[],[],[]
HU-SzalayBobrovniczkyKristof,"Kristóf, Szalay-Bobrovniczky",M,2022-05-24,"['head', 'member', 'minister']",[],[],[]
HU-IbolyaTiborBela,"Tibor Béla, Ibolya",M,2022-07-08,"['deputyHead', 'member']",[],[],[]
HU-DukaiMiklos,"Miklós, Dukai",M,2022-05-25,['secretaryOfState'],[],[],[]
